{"genome": [0.2699892222881317, 0.5085268020629883, 1.2368724346160889, 0.049130916595458984, 0.1937694549560547, 1.8444310426712036, 1.75469172000885, 0.21575827896595, 1.290960431098938, 0.7113762497901917, 0.8636374473571777, 0.354269802570343, 1.9209178686141968, 0.10234429687261581, 1.3806471824645996, 1.2565516233444214, 1.1810874938964844, 1.599698781967163, 0.4849229156970978, 1.4512009620666504, 0.0, 1.3667689561843872, 1.3127752542495728, 0.310723215341568, 0.39757832884788513, 0.7081863880157471, 1.4541935920715332, 2.525594472885132, 0.333855003118515, 1.3122797012329102, 1.5811666250228882, 0.48662203550338745, 1.8200390338897705, 0.9799631834030151, 1.5248059034347534, 1.1739606857299805, 1.4016509056091309, 1.6828699111938477, 0.8249562978744507, 2.845350980758667, 2.4339494705200195, 1.8429019451141357, 0.9766924977302551, 0.016877509653568268, 2.8607935905456543, 2.3299169540405273, 2.976346731185913, 0.22184407711029053, 0.3883495330810547, 0.7778268456459045, 1.1266756057739258, 2.097423553466797, 0.9136982560157776, 1.188516616821289, 1.316365361213684, 1.627872347831726, 0.0, 1.707852840423584, 1.240655779838562, 1.8055860996246338, 1.5181492567062378, 1.0269103050231934, 0.14256954193115234, 0.962867259979248, 2.2004928588867188, 1.6571093797683716, 2.0123612880706787, 0.2089053839445114, 1.9134860038757324, 0.49369797110557556, 1.273483157157898, 0.8215431571006775, 0.7180001139640808, 0.101882204413414, 0.36278921365737915, 1.0726280212402344, 0.534034252166748, 0.7075421810150146, 0.7446727752685547, 1.4629799127578735, 0.37227654457092285, 0.591827392578125, 0.5455781817436218, 0.5608048439025879, -0.17068296670913696, -0.9245850443840027, 2.329125165939331, 1.6319621801376343, 1.708564043045044, 0.5126399397850037, 0.25525060296058655, 0.18762707710266113, 1.4535496234893799, 1.0460467338562012, 0.830287754535675, 1.4497766494750977, 0.3843902051448822, 1.3953208923339844, 0.27438879013061523, 0.014471711590886116], "genome_size": 100, "version": 2}