{"genome": [1.7507264614105225, 0.32435333728790283, 0.43499433994293213, 0.807849645614624, 1.2066715955734253, 1.2671494483947754, 0.5511724948883057, 0.9736053347587585, 1.0235501527786255, 0.32216906547546387, 0.36202797293663025, 0.4479920566082001, 0.7468075752258301, 1.5394892692565918, 1.096204161643982, 0.3990810811519623, 0.7874634265899658, 0.46972426772117615, 0.682742178440094, 0.9567625522613525, 0.6006736755371094, 0.7811509966850281, 0.5680221915245056, 0.9821026921272278, 0.4556204676628113, 0.6622538566589355, 1.2460668087005615, 1.1437740325927734, 0.7517439126968384, 1.2576677799224854, 1.0327489376068115, 0.5696637630462646, 0.6693547964096069, 0.8386029005050659, 0.3936760723590851, 0.9390572309494019, 0.9386582374572754, 0.6970210075378418, 0.4185749590396881, 1.990918755531311, 1.068573236465454, 2.585348129272461, 2.30397629737854, 1.5113446712493896, 2.059384822845459, 1.8361153602600098, 2.1311898231506348, 2.930177688598633, 0.5598630309104919, 1.0373339653015137, 2.46543025970459, 2.65423321723938, 2.643833637237549, 2.7666032314300537, 0.25789526104927063, 1.960115671157837, 1.424509882926941, 1.2571253776550293, 0.3070974349975586, 0.08298719674348831, 1.2251274585723877, 1.4930698871612549, 0.25770607590675354, 1.870438575744629, 1.646357536315918, 1.9336066246032715, 0.5150349140167236, 1.5030839443206787, 1.0530723333358765, 1.0524382591247559, 1.066980242729187, 1.2876185178756714, 0.21860429644584656, 0.9761075973510742, 0.6235308647155762, 1.296235203742981, 0.3470354676246643, 0.3872164189815521, 0.5565565228462219, 1.236691951751709, 1.1659194231033325, 0.29926764965057373, 0.7363301515579224, 0.6038257479667664, 1.8200849294662476, 1.4074445962905884, 0.81672602891922, 0.42241671681404114, 0.019257405772805214, 0.34238898754119873, 0.0758686289191246, 0.7137467265129089, 0.7012284994125366, 0.5815944671630859, 0.8722782135009766, 0.3492116928100586, 0.0859188660979271, 1.4346845149993896, 0.31641533970832825, 0.7480654120445251], "genome_size": 100, "version": 2}