{"genome": [1.7661422491073608, 0.5085268020629883, 1.2368724346160889, 0.049130916595458984, 0.5000441670417786, 1.8444310426712036, 2.088447093963623, 0.21575827896595, 1.290960431098938, 0.7113762497901917, 0.8636374473571777, 0.7847096920013428, 1.9209178686141968, 0.10234429687261581, 1.3806471824645996, 1.2565516233444214, 1.3991599082946777, 1.599698781967163, 0.4849229156970978, 1.4512009620666504, 0.0, 1.3667689561843872, 0.9662215113639832, 0.13354259729385376, 0.39757832884788513, 0.7081863880157471, 1.4541935920715332, 2.525594472885132, 0.333855003118515, 1.341877818107605, 1.5811666250228882, 0.48662203550338745, 2.0268967151641846, 0.9799631834030151, 1.5248059034347534, 1.1739606857299805, 1.4016509056091309, 1.6828699111938477, 0.3166195750236511, 2.845350980758667, 2.4289357662200928, 1.8429019451141357, 1.6956028938293457, 1.1889797449111938, 1.973134994506836, 0.9414682984352112, 1.7566710710525513, 2.1074368953704834, 0.6446055769920349, 1.877596139907837, 2.3500804901123047, 2.892521619796753, 1.973923921585083, 0.6640841364860535, 0.3547547161579132, 0.70937579870224, 0.5848586559295654, 1.2313529253005981, 0.9646322727203369, 1.1047834157943726, 1.2759747505187988, 1.5952118635177612, 1.8077175617218018, 0.13724972307682037, 0.7841454744338989, 0.7207685708999634, 0.0, 1.9512150287628174, 1.1331874132156372, 0.2554463744163513, 1.4907841682434082, 1.3769519329071045, 1.4588598012924194, 0.46405720710754395, 0.7946491241455078, 1.1690250635147095, 0.8087059855461121, 1.3297863006591797, 1.2409918308258057, 0.5696561336517334, 0.08085897564888, 0.0, 0.9156680107116699, 0.9769648909568787, 2.3074939250946045, 1.8626447916030884, 0.9574500322341919, 0.8559055924415588, 0.3421051502227783, 0.7175458073616028, 0.7263486981391907, 0.6580142378807068, 0.5345466732978821, 0.4103807806968689, 0.20082910358905792, 0.7796979546546936, 1.0306168794631958, 0.9025788307189941, -0.01256377249956131, 0.6828668713569641], "genome_size": 100, "version": 2}