{"genome": [1.7661422491073608, 0.7178916931152344, 0.7964732050895691, 1.0710296630859375, 0.4988977909088135, 0.7744012475013733, 0.5023945569992065, 0.6550359725952148, 0.7546340823173523, 0.8115842342376709, 0.028046274557709694, 0.697005033493042, 0.042497456073760986, 1.5822007656097412, 0.658424973487854, 0.8350039124488831, 1.1592921018600464, 0.40325695276260376, 0.9585001468658447, 0.3068661093711853, 0.5483400225639343, 0.703116238117218, 0.4850333333015442, 0.15016084909439087, 0.6293956637382507, 0.8301281332969666, 1.3389075994491577, 0.651554524898529, 1.1451311111450195, 0.4065974950790405, 0.7096650004386902, 1.056048035621643, 0.6663627028465271, 0.6651006937026978, 1.1106663942337036, 0.3131636381149292, 0.0031213760375976562, 0.0, 0.9906430840492249, 2.1845319271087646, 1.1292684078216553, 2.9482908248901367, 1.8483012914657593, 1.1889797449111938, 2.0602223873138428, 0.802240788936615, 1.919632077217102, 2.313507080078125, 0.6446055769920349, 1.877596139907837, 2.3500804901123047, 2.892521619796753, 1.973923921585083, 0.6640841364860535, 0.3547547161579132, 0.7767683267593384, 0.5848586559295654, 1.4029425382614136, 0.9646322727203369, 1.0818798542022705, 1.2759747505187988, 1.5952118635177612, 1.8077175617218018, 0.13724972307682037, 1.0019361972808838, 0.7207685708999634, 0.29309985041618347, 1.9512150287628174, 1.1331874132156372, 0.2554463744163513, 1.4907841682434082, 1.3769519329071045, 1.4588598012924194, 0.46405720710754395, 0.8181705474853516, 1.1245936155319214, 0.6493902206420898, 1.3297863006591797, 1.3723804950714111, 0.7937946319580078, 0.08085897564888, 0.0825161412358284, 0.9156680107116699, 0.9769648909568787, 2.269085168838501, 1.73963463306427, 0.9574500322341919, 0.8559055924415588, 0.3421051502227783, 0.7175458073616028, 0.5379303097724915, 0.6580142378807068, 0.5345466732978821, 0.4103807806968689, 0.007683779578655958, 0.7796979546546936, 0.4580179750919342, 0.9025788307189941, -0.01256377249956131, 1.0670859813690186], "genome_size": 100, "version": 2}