{"genome": [1.4735852479934692, 1.1607199907302856, 0.9525833129882812, 0.7920853495597839, 0.7178681492805481, 0.8420948386192322, 0.35477715730667114, 0.5455447435379028, 0.9901465773582458, 0.42020201683044434, 0.5507490038871765, 0.42149171233177185, 0.9362137317657471, 1.7041115760803223, 0.5189852118492126, 0.7202494740486145, 0.9348239302635193, 0.351748526096344, 1.232734203338623, 1.180973768234253, 1.064186453819275, 0.9044981598854065, 0.5032280087471008, 0.5908365845680237, 0.6382687091827393, 0.12306789308786392, 1.64707612991333, 1.1780344247817993, 1.2209227085113525, 0.7896806597709656, 0.5943790674209595, 0.602672278881073, 0.48638445138931274, 0.9815289974212646, 0.3960963785648346, 0.842513382434845, 0.5702676773071289, 0.8224635720252991, 0.281498521566391, 1.848244309425354, 0.61589115858078, 2.430866003036499, 1.4022047519683838, 2.8500406742095947, 1.508270263671875, 1.8001234531402588, 0.8581538200378418, 1.6163891553878784, 2.681448459625244, 2.0244436264038086, 1.344256043434143, 1.8951400518417358, 1.5945388078689575, 0.7806318998336792, 1.3212133646011353, 0.1981169879436493, 0.5726591348648071, 0.6379621624946594, 1.255352258682251, 1.3455021381378174, 1.4716366529464722, 1.0675097703933716, 1.5729745626449585, 0.6220807433128357, 1.740499496459961, 1.6518478393554688, 0.36547768115997314, 1.2740594148635864, 0.1739245355129242, 0.09802616387605667, 0.949041485786438, 0.5236946940422058, 1.2125686407089233, 1.3622387647628784, 0.7286169528961182, 0.6603996157646179, 0.40847641229629517, 0.6870501041412354, 1.3280888795852661, 0.6403377056121826, 1.4919981956481934, 1.457334280014038, 1.1893081665039062, 0.33277344703674316, 2.175604820251465, 1.282421588897705, 0.5945790410041809, 1.1548575162887573, 0.8495467901229858, -0.018319305032491684, 0.6124504208564758, 0.5157346129417419, 0.8936044573783875, 0.5573821067810059, 0.016884226351976395, 1.1607533693313599, 0.6913127303123474, 0.9286336302757263, -0.004761312156915665, -0.15337447822093964], "genome_size": 100, "version": 2}